,Actors,Awards,BoxOffice,Country,DVD,Director,Genre,Language,Metascore,Plot,Poster,Production,Rated,Ratings,Released,Response,Runtime,Title,Type,Website,Writer,Year,imdbID,imdbRating,imdbVotes
0,"Mark Hamill, Carrie Fisher, Adam Driver, Daisy Ridley",Nominated for 4 Oscars. Another 12 wins & 71 nominations.,"$619,117,636",USA,27 Mar 2018,Rian Johnson,"Action, Adventure, Fantasy",English,85,"Rey develops her newly discovered abilities with the guidance of Luke Skywalker, who is unsettled by the strength of her powers. Meanwhile, the Resistance prepares for battle with the First Order.",https://ia.media-imdb.com/images/M/MV5BMjQ1MzcxNjg4N15BMl5BanBnXkFtZTgwNzgwMjY4MzI@._V1_SX300.jpg,Walt Disney Pictures,PG-13,"[{'Source': 'Internet Movie Database', 'Value': '7.3/10'}, {'Source': 'Rotten Tomatoes', 'Value': '91%'}, {'Source': 'Metacritic', 'Value': '85/100'}]",15 Dec 2017,True,152 min,Star Wars: The Last Jedi,movie,http://www.starwars.com/the-last-jedi/,"Rian Johnson, George Lucas (based on characters created by)",2017,tt2527336,7.3,"371,631"
1,"Emma Watson, Dan Stevens, Luke Evans, Josh Gad",Nominated for 2 Oscars. Another 12 wins & 65 nominations.,"$503,974,884",USA,06 Jun 2017,Bill Condon,"Family, Fantasy, Musical",English,65,An adaptation of the fairy tale about a monstrous-looking prince and a young woman who fall in love.,https://ia.media-imdb.com/images/M/MV5BMTUwNjUxMTM4NV5BMl5BanBnXkFtZTgwODExMDQzMTI@._V1_SX300.jpg,Walt Disney Pictures,PG,"[{'Source': 'Internet Movie Database', 'Value': '7.2/10'}, {'Source': 'Rotten Tomatoes', 'Value': '70%'}, {'Source': 'Metacritic', 'Value': '65/100'}]",17 Mar 2017,True,129 min,Beauty and the Beast,movie,http://movies.disney.com/beauty-and-the-beast-2017,"Stephen Chbosky (screenplay by), Evan Spiliotopoulos (screenplay by), Linda Woolverton (based on the 1991 animated film ""Beauty and the Beast"",  animation screenplay by)",2017,tt2771200,7.2,"204,777"
2,"Gal Gadot, Chris Pine, Connie Nielsen, Robin Wright",17 wins & 54 nominations.,"$412,400,625","Hong Kong, China, USA",19 Sep 2017,Patty Jenkins,"Action, Adventure, Fantasy","English, German, Dutch, French, Spanish, Chinese, Greek,  Ancient (to 1453), North American Indian",76,"When a pilot crashes and tells of conflict in the outside world, Diana, an Amazonian warrior in training, leaves home to fight a war, discovering her full powers and true destiny.",https://ia.media-imdb.com/images/M/MV5BNDFmZjgyMTEtYTk5MC00NmY0LWJhZjktOWY2MzI5YjkzODNlXkEyXkFqcGdeQXVyMDA4NzMyOA@@._V1_SX300.jpg,Warner Bros. Pictures,PG-13,"[{'Source': 'Internet Movie Database', 'Value': '7.5/10'}, {'Source': 'Rotten Tomatoes', 'Value': '92%'}, {'Source': 'Metacritic', 'Value': '76/100'}]",02 Jun 2017,True,141 min,Wonder Woman,movie,http://wonderwomanfilm.com/,"Allan Heinberg (screenplay by), Zack Snyder (story by), Allan Heinberg (story by), Jason Fuchs (story by), William Moulton Marston (Wonder Woman created by)",2017,tt0451279,7.5,"405,967"
3,"Dwayne Johnson, Kevin Hart, Jack Black, Karen Gillan",2 wins & 3 nominations.,"$393,201,353",USA,20 Mar 2018,Jake Kasdan,"Action, Adventure, Comedy",English,58,"Four teenagers are sucked into a magical video game, and the only way they can escape is to work together to finish the game.",https://ia.media-imdb.com/images/M/MV5BODQ0NDhjYWItYTMxZi00NTk2LWIzNDEtOWZiYWYxZjc2MTgxXkEyXkFqcGdeQXVyMTQxNzMzNDI@._V1_SX300.jpg,Columbia Pictures,PG-13,"[{'Source': 'Internet Movie Database', 'Value': '7.0/10'}, {'Source': 'Rotten Tomatoes', 'Value': '76%'}, {'Source': 'Metacritic', 'Value': '58/100'}]",20 Dec 2017,True,119 min,Jumanji: Welcome to the Jungle,movie,http://www.jumanjimovie.com/,"Chris McKenna (screenplay by), Erik Sommers (screenplay by), Scott Rosenberg (screenplay by), Jeff Pinkner (screenplay by), Chris McKenna (screen story by), Chris Van Allsburg (based on the book ""Jumanji"" by), Greg Taylor (based on the film ""Jumanji"" screenplay by), Jim Strain (based on the film ""Jumanji"" screen story by), Chris Van Allsburg (based on the film ""Jumanji"" screen story by), Jonathan Hensleigh (based on the film ""Jumanji"" screenplay by), Greg Taylor (based on the film ""Jumanji"" screen story by), Jim Strain (based on the film ""Jumanji"" screenplay by)",2017,tt2283362,7.0,"131,303"
4,"Chris Pratt, Zoe Saldana, Dave Bautista, Vin Diesel",Nominated for 1 Oscar. Another 12 wins & 42 nominations.,"$389,804,217",USA,22 Aug 2017,James Gunn,"Action, Adventure, Sci-Fi",English,67,The Guardians must fight to keep their newfound family together as they unravel the mystery of Peter Quill's true parentage.,https://ia.media-imdb.com/images/M/MV5BMTg2MzI1MTg3OF5BMl5BanBnXkFtZTgwNTU3NDA2MTI@._V1_SX300.jpg,Walt Disney Pictures,PG-13,"[{'Source': 'Internet Movie Database', 'Value': '7.7/10'}, {'Source': 'Rotten Tomatoes', 'Value': '83%'}, {'Source': 'Metacritic', 'Value': '67/100'}]",05 May 2017,True,136 min,Guardians of the Galaxy Vol. 2,movie,https://marvel.com/guardians,"James Gunn, Dan Abnett (based on the Marvel comics by), Andy Lanning (based on the Marvel comics by), Steve Englehart (Star-lord created by), Steve Gan (Star-lord created by), Jim Starlin (Gamora and Drax created by), Stan Lee (Groot created by), Larry Lieber (Groot created by), Jack Kirby (Groot created by), Bill Mantlo (Rocket Raccoon created by), Keith Giffen (Rocket Raccoon created by), Steve Gerber (Howard the Duck created by), Val Mayerik (Howard the Duck created by)",2017,tt3896198,7.7,"362,736"
5,"Tom Holland, Michael Keaton, Robert Downey Jr., Marisa Tomei",4 wins & 9 nominations.,"$334,166,825",USA,17 Oct 2017,Jon Watts,"Action, Adventure, Sci-Fi","English, Spanish",73,"Peter Parker balances his life as an ordinary high school student in Queens with his superhero alter-ego Spider-Man, and finds himself on the trail of a new menace prowling the skies of New York City.",https://ia.media-imdb.com/images/M/MV5BNTk4ODQ1MzgzNl5BMl5BanBnXkFtZTgwMTMyMzM4MTI@._V1_SX300.jpg,Sony Pictures,PG-13,"[{'Source': 'Internet Movie Database', 'Value': '7.5/10'}, {'Source': 'Rotten Tomatoes', 'Value': '92%'}, {'Source': 'Metacritic', 'Value': '73/100'}]",07 Jul 2017,True,133 min,Spider-Man: Homecoming,movie,http://www.sonypictures.com/movies/spidermanhomecoming/,"Jonathan Goldstein (screenplay by), John Francis Daley (screenplay by), Jon Watts (screenplay by), Christopher Ford (screenplay by), Chris McKenna (screenplay by), Erik Sommers (screenplay by), Jonathan Goldstein (screen story by), John Francis Daley (screen story by), Stan Lee (based on the Marvel comic book by), Steve Ditko (based on the Marvel comic book by), Joe Simon (character created by: Captain America), Jack Kirby (character created by: Captain America)",2017,tt2250912,7.5,"317,329"
6,"Jaeden Lieberher, Jeremy Ray Taylor, Sophia Lillis, Finn Wolfhard",4 wins & 30 nominations.,"$326,898,358","USA, Canada",09 Jan 2018,Andy Muschietti,"Drama, Horror, Thriller",English,69,"In the summer of 1989, a group of bullied kids band together to destroy a shapeshifting monster, which disguises itself as a clown and preys on the children of Derry, their small Maine town.",https://ia.media-imdb.com/images/M/MV5BZDVkZmI0YzAtNzdjYi00ZjhhLWE1ODEtMWMzMWMzNDA0NmQ4XkEyXkFqcGdeQXVyNzYzODM3Mzg@._V1_SX300.jpg,Warner Bros. Pictures,R,"[{'Source': 'Internet Movie Database', 'Value': '7.5/10'}, {'Source': 'Rotten Tomatoes', 'Value': '85%'}, {'Source': 'Metacritic', 'Value': '69/100'}]",08 Sep 2017,True,135 min,It,movie,http://www.Itthemovie.com,"Chase Palmer (screenplay by), Cary Joji Fukunaga (screenplay by), Gary Dauberman (screenplay by), Stephen King (based on the novel by)",2017,tt1396484,7.5,"264,273"
7,"Chris Hemsworth, Tom Hiddleston, Cate Blanchett, Idris Elba",5 wins & 30 nominations.,"$314,971,245",USA,06 Mar 2018,Taika Waititi,"Action, Adventure, Comedy",English,74,"Thor is imprisoned on the planet Sakaar, and must race against time to return to Asgard and stop Ragnarök, the destruction of his world, which is at the hands of the powerful and ruthless villain Hela.",https://ia.media-imdb.com/images/M/MV5BMjMyNDkzMzI1OF5BMl5BanBnXkFtZTgwODcxODg5MjI@._V1_SX300.jpg,Walt Disney Pictures,PG-13,"[{'Source': 'Internet Movie Database', 'Value': '7.9/10'}, {'Source': 'Rotten Tomatoes', 'Value': '92%'}, {'Source': 'Metacritic', 'Value': '74/100'}]",03 Nov 2017,True,130 min,Thor: Ragnarok,movie,http://movies.disney.com/thor-ragnarok,"Eric Pearson, Craig Kyle, Christopher Yost, Stan Lee (based on the comics by), Larry Lieber (based on the comics by), Jack Kirby (based on the comics by)",2017,tt3501632,7.9,"298,910"
8,"Steve Carell, Kristen Wiig, Trey Parker, Miranda Cosgrove",25 nominations.,"$264,194,540",USA,05 Dec 2017,"Kyle Balda, Pierre Coffin, Eric Guillon(co-director)","Animation, Action, Adventure",English,49,"Gru meets his long-lost charming, cheerful, and more successful twin brother Dru who wants to team up with him for one last criminal heist.",https://ia.media-imdb.com/images/M/MV5BNjUyNzQ2MTg3Ml5BMl5BanBnXkFtZTgwNzE4NDM3MTI@._V1_SX300.jpg,Universal Pictures,PG,"[{'Source': 'Internet Movie Database', 'Value': '6.3/10'}, {'Source': 'Rotten Tomatoes', 'Value': '59%'}, {'Source': 'Metacritic', 'Value': '49/100'}]",30 Jun 2017,True,89 min,Despicable Me 3,movie,http://www.despicable.me/,"Cinco Paul, Ken Daurio",2017,tt3469046,6.3,"72,139"
9,"Ben Affleck, Henry Cavill, Amy Adams, Gal Gadot",1 win & 6 nominations.,"$227,032,490","USA, UK, Canada",13 Mar 2018,Zack Snyder,"Action, Adventure, Fantasy","English, Irish, Russian, Icelandic",45,"Fueled by his restored faith in humanity and inspired by Superman's selfless act, Bruce Wayne enlists the help of his newfound ally, Diana Prince, to face an even greater enemy.",https://ia.media-imdb.com/images/M/MV5BYWVhZjZkYTItOGIwYS00NmRkLWJlYjctMWM0ZjFmMDU4ZjEzXkEyXkFqcGdeQXVyMTMxODk2OTU@._V1_SX300.jpg,Warner Bros. Pictures,PG-13,"[{'Source': 'Internet Movie Database', 'Value': '6.7/10'}, {'Source': 'Rotten Tomatoes', 'Value': '40%'}, {'Source': 'Metacritic', 'Value': '45/100'}]",17 Nov 2017,True,120 min,Justice League,movie,http://www.justiceleaguethemovie.com/,"Chris Terrio (screenplay by), Joss Whedon (screenplay by), Chris Terrio (story by), Zack Snyder (story by), Jerry Siegel (Superman created by), Joe Shuster (Superman created by), Gardner Fox (Justice League of America created by), Bob Kane (Batman created by), Bill Finger (Batman created by), William Moulton Marston (Wonder Woman created by), Jack Kirby (Fourth World created by)",2017,tt0974015,6.7,"244,616"
10,"Hugh Jackman, Patrick Stewart, Dafne Keen, Boyd Holbrook",Nominated for 1 Oscar. Another 13 wins & 55 nominations.,"$226,276,809","Canada, Australia, USA",23 May 2017,James Mangold,"Action, Drama, Sci-Fi","English, Spanish",77,"In the near future, a weary Logan cares for an ailing Professor X, somewhere on the Mexican border. However, Logan's attempts to hide from the world, and his legacy, are upended when a young mutant arrives, pursued by dark forces.",https://images-na.ssl-images-amazon.com/images/M/MV5BMjQwODQwNTg4OV5BMl5BanBnXkFtZTgwMTk4MTAzMjI@._V1_SX300.jpg,20th Century Fox,R,"[{'Source': 'Internet Movie Database', 'Value': '8.1/10'}, {'Source': 'Rotten Tomatoes', 'Value': '93%'}, {'Source': 'Metacritic', 'Value': '77/100'}]",03 Mar 2017,True,137 min,Logan,movie,http://www.foxmovies.com/movies/logan,"James Mangold (story by), Scott Frank (screenplay by), James Mangold (screenplay by), Michael Green (screenplay by)",2017,tt3315342,8.1,"456,683"
11,"Vin Diesel, Jason Statham, Dwayne Johnson, Michelle Rodriguez",1 win & 9 nominations.,"$225,697,400","China, USA, Japan",11 Jul 2017,F. Gary Gray,"Action, Crime, Thriller","English, Russian",56,"When a mysterious woman seduces Dom into the world of terrorism and a betrayal of those closest to him, the crew face trials that will test them as never before.",https://ia.media-imdb.com/images/M/MV5BMjMxODI2NDM5Nl5BMl5BanBnXkFtZTgwNjgzOTk1MTI@._V1_SX300.jpg,Universal Pictures,PG-13,"[{'Source': 'Internet Movie Database', 'Value': '6.7/10'}, {'Source': 'Rotten Tomatoes', 'Value': '66%'}, {'Source': 'Metacritic', 'Value': '56/100'}]",14 Apr 2017,True,136 min,The Fate of the Furious,movie,N/A,"Gary Scott Thompson (based on characters created by), Chris Morgan",2017,tt4630562,6.7,"158,056"
12,"Anthony Gonzalez, Gael García Bernal, Benjamin Bratt, Alanna Ubach",Won 2 Oscars. Another 86 wins & 28 nominations.,"$208,487,719",USA,27 Feb 2018,"Lee Unkrich, Adrian Molina(co-director)","Animation, Adventure, Comedy","English, Spanish",81,"Aspiring musician Miguel, confronted with his family's ancestral ban on music, enters the Land of the Dead to find his great-great-grandfather, a legendary singer.",https://ia.media-imdb.com/images/M/MV5BYjQ5NjM0Y2YtNjZkNC00ZDhkLWJjMWItN2QyNzFkMDE3ZjAxXkEyXkFqcGdeQXVyODIxMzk5NjA@._V1_SX300.jpg,Disney/Pixar,PG,"[{'Source': 'Internet Movie Database', 'Value': '8.5/10'}, {'Source': 'Rotten Tomatoes', 'Value': '97%'}, {'Source': 'Metacritic', 'Value': '81/100'}]",21 Nov 2017,True,105 min,Coco,movie,N/A,"Lee Unkrich (original story by), Jason Katz (original story by), Matthew Aldrich (original story by), Adrian Molina (original story by), Adrian Molina (screenplay by), Matthew Aldrich (screenplay by)",2017,tt2380307,8.5,"149,168"
13,"Fionn Whitehead, Damien Bonnard, Aneurin Barnard, Lee Armstrong",Won 3 Oscars. Another 51 wins & 197 nominations.,"$188,042,171","Netherlands, UK, France, USA",19 Dec 2017,Christopher Nolan,"Action, Drama, History","English, French, German",94,"Allied soldiers from Belgium, the British Empire and France are surrounded by the German Army, and evacuated during a fierce battle in World War II.",https://ia.media-imdb.com/images/M/MV5BN2YyZjQ0NTEtNzU5MS00NGZkLTg0MTEtYzJmMWY3MWRhZjM2XkEyXkFqcGdeQXVyMDA4NzMyOA@@._V1_SX300.jpg,Warner Bros. Pictures,PG-13,"[{'Source': 'Internet Movie Database', 'Value': '8.0/10'}, {'Source': 'Rotten Tomatoes', 'Value': '92%'}, {'Source': 'Metacritic', 'Value': '94/100'}]",21 Jul 2017,True,106 min,Dunkirk,movie,http://www.dunkirkmovie.com,Christopher Nolan,2017,tt5013056,8.0,"374,763"
14,"Daniel Kaluuya, Allison Williams, Catherine Keener, Bradley Whitford",Won 1 Oscar. Another 122 wins & 181 nominations.,"$175,428,355","Japan, USA",23 May 2017,Jordan Peele,"Horror, Mystery, Thriller",English,84,"A young African-American visits his white girlfriend's parents for the weekend, where his simmering uneasiness about their reception of him eventually reaches a boiling point.",https://ia.media-imdb.com/images/M/MV5BMjUxMDQwNjcyNl5BMl5BanBnXkFtZTgwNzcwMzc0MTI@._V1_SX300.jpg,Universal Pictures,R,"[{'Source': 'Internet Movie Database', 'Value': '7.7/10'}, {'Source': 'Rotten Tomatoes', 'Value': '99%'}, {'Source': 'Metacritic', 'Value': '84/100'}]",24 Feb 2017,True,104 min,Get Out,movie,http://www.getoutfilm.com/,Jordan Peele,2017,tt5052448,7.7,"286,674"
15,"Will Arnett, Michael Cera, Rosario Dawson, Ralph Fiennes",11 wins & 58 nominations.,"$175,686,290","USA, Denmark",13 Jun 2017,Chris McKay,"Animation, Action, Adventure",English,75,"A cooler-than-ever Bruce Wayne must deal with the usual suspects as they plan to rule Gotham City, while discovering that he has accidentally adopted a teenage orphan who wishes to become his sidekick.",https://ia.media-imdb.com/images/M/MV5BMTcyNTEyOTY0M15BMl5BanBnXkFtZTgwOTAyNzU3MDI@._V1_SX300.jpg,Warner Bros. Pictures,PG,"[{'Source': 'Internet Movie Database', 'Value': '7.3/10'}, {'Source': 'Rotten Tomatoes', 'Value': '90%'}, {'Source': 'Metacritic', 'Value': '75/100'}]",10 Feb 2017,True,104 min,The LEGO Batman Movie,movie,http://www.legobatman.com/,"Seth Grahame-Smith (screenplay by), Chris McKenna (screenplay by), Erik Sommers (screenplay by), Jared Stern (screenplay by), John Whittington (screenplay by), Seth Grahame-Smith (story by), Bob Kane (Batman created by), Bill Finger (Batman created by), Jerry Siegel (Superman created by), Joe Shuster (Superman created by), William Moulton Marston (Wonder Woman created by), Ole Kirk Christiansen (based on LEGO Construction Toys created by), Godtfred Kirk Christiansen (based on LEGO Construction Toys created by), Jens Nygaard Knudsen (based on LEGO Construction Toys created by)",2017,tt4116284,7.3,"97,253"
16,"Alec Baldwin, Steve Buscemi, Jimmy Kimmel, Lisa Kudrow",Nominated for 1 Oscar. Another 1 win & 19 nominations.,"$174,996,080",USA,25 Jul 2017,Tom McGrath,"Animation, Comedy, Family","English, Spanish",50,"A suit-wearing, briefcase-carrying baby pairs up with his 7-year old brother to stop the dastardly plot of the CEO of Puppy Co.",https://ia.media-imdb.com/images/M/MV5BMTg5MzUxNzgxNV5BMl5BanBnXkFtZTgwMTM2NzQ3MjI@._V1_SX300.jpg,DreamWorks Animation,PG,"[{'Source': 'Internet Movie Database', 'Value': '6.3/10'}, {'Source': 'Rotten Tomatoes', 'Value': '52%'}, {'Source': 'Metacritic', 'Value': '50/100'}]",31 Mar 2017,True,97 min,The Boss Baby,movie,http://www.dreamworksanimation.com/the-boss-baby/,"Michael McCullers, Marla Frazee (based on the book by)",2017,tt3874544,6.3,"76,431"
17,"Hugh Jackman, Michelle Williams, Zac Efron, Zendaya",Nominated for 1 Oscar. Another 7 wins & 19 nominations.,"$164,616,443",USA,10 Apr 2018,Michael Gracey,"Biography, Drama, Musical",English,48,"Celebrates the birth of show business, and tells of a visionary who rose from nothing to create a spectacle that became a worldwide sensation.",https://ia.media-imdb.com/images/M/MV5BYjQ0ZWJkYjMtYjJmYS00MjJiLTg3NTYtMmIzN2E2Y2YwZmUyXkEyXkFqcGdeQXVyNjk5NDA3OTk@._V1_SX300.jpg,20th Century Fox,PG,"[{'Source': 'Internet Movie Database', 'Value': '7.8/10'}, {'Source': 'Rotten Tomatoes', 'Value': '55%'}, {'Source': 'Metacritic', 'Value': '48/100'}]",20 Dec 2017,True,105 min,The Greatest Showman,movie,http://www.foxmovies.com/movies/the-greatest-showman,"Jenny Bicks (screenplay by), Bill Condon (screenplay by), Jenny Bicks (story by)",2017,tt1485796,7.8,"106,608"
18,"Johnny Depp, Javier Bardem, Geoffrey Rush, Brenton Thwaites",9 nominations.,"$172,537,139",USA,03 Oct 2017,"Joachim Rønning, Espen Sandberg","Action, Adventure, Fantasy","English, Spanish",39,Captain Jack Sparrow searches for the trident of Poseidon while being pursued by an undead sea captain and his crew.,https://ia.media-imdb.com/images/M/MV5BMTYyMTcxNzc5M15BMl5BanBnXkFtZTgwOTg2ODE2MTI@._V1_SX300.jpg,Walt Disney Pictures,PG-13,"[{'Source': 'Internet Movie Database', 'Value': '6.6/10'}, {'Source': 'Rotten Tomatoes', 'Value': '30%'}, {'Source': 'Metacritic', 'Value': '39/100'}]",26 May 2017,True,129 min,Pirates of the Caribbean: Dead Men Tell No Tales,movie,http://pirates.disney.com/pirates-of-the-caribbean-dead-men-tell-no-tales,"Jeff Nathanson (screenplay by), Jeff Nathanson (story by), Terry Rossio (story by), Ted Elliott (based on characters created by), Terry Rossio (based on characters created by), Stuart Beattie (based on characters created by), Jay Wolpert (based on characters created by)",2017,tt1790809,6.6,"190,329"
19,"Tom Hiddleston, Samuel L. Jackson, Brie Larson, John C. Reilly",Nominated for 1 Oscar. Another 1 win & 15 nominations.,"$167,986,460","USA, China",18 Jul 2017,Jordan Vogt-Roberts,"Action, Adventure, Fantasy","English, Vietnamese",62,"A team of scientists explore an uncharted island in the Pacific, venturing into the domain of the mighty Kong, and must fight to escape a primal Eden.",https://ia.media-imdb.com/images/M/MV5BMTUwMzI5ODEwNF5BMl5BanBnXkFtZTgwNjAzNjI2MDI@._V1_SX300.jpg,Warner Bros. Pictures/Legendary Pictures,PG-13,"[{'Source': 'Internet Movie Database', 'Value': '6.7/10'}, {'Source': 'Rotten Tomatoes', 'Value': '76%'}, {'Source': 'Metacritic', 'Value': '62/100'}]",10 Mar 2017,True,118 min,Kong: Skull Island,movie,http://kongskullislandmovie.com/,"Dan Gilroy (screenplay by), Max Borenstein (screenplay by), Derek Connolly (screenplay by), John Gatins (story by)",2017,tt3731562,6.7,"201,111"
20,"Owen Wilson, Cristela Alonzo, Chris Cooper, Nathan Fillion",20 nominations.,"$152,603,003",USA,07 Nov 2017,Brian Fee,"Animation, Adventure, Comedy",English,59,Lightning McQueen sets out to prove to a new generation of racers that he's still the best race car in the world.,https://ia.media-imdb.com/images/M/MV5BMTc0NzU2OTYyN15BMl5BanBnXkFtZTgwMTkwOTg2MTI@._V1_SX300.jpg,Walt Disney Pictures,G,"[{'Source': 'Internet Movie Database', 'Value': '6.8/10'}, {'Source': 'Rotten Tomatoes', 'Value': '68%'}, {'Source': 'Metacritic', 'Value': '59/100'}]",16 Jun 2017,True,102 min,Cars 3,movie,http://movies.disney.com/cars-3,"Brian Fee (original story by), Ben Queen (original story by), Eyal Podell (original story by), Jonathon E. Stewart (original story by), Kiel Murray (screenplay by), Bob Peterson (screenplay by), Mike Rich (screenplay by), Scott Morse (additional story material)",2017,tt3606752,6.8,"43,198"
21,"Andy Serkis, Woody Harrelson, Steve Zahn, Karin Konoval",Nominated for 1 Oscar. Another 22 wins & 46 nominations.,"$146,872,826","USA, Canada, New Zealand",24 Oct 2017,Matt Reeves,"Action, Adventure, Drama","English, American Sign Language",82,"After the apes suffer unimaginable losses, Caesar wrestles with his darker instincts and begins his own mythic quest to avenge his kind.",https://ia.media-imdb.com/images/M/MV5BNDNmYTQzMDEtMmY0MS00OTNjLTk4MjItMDZhMzkzOGI3MzA0XkEyXkFqcGdeQXVyNjk5NDA3OTk@._V1_SX300.jpg,20th Century Fox,PG-13,"[{'Source': 'Internet Movie Database', 'Value': '7.5/10'}, {'Source': 'Rotten Tomatoes', 'Value': '93%'}, {'Source': 'Metacritic', 'Value': '82/100'}]",14 Jul 2017,True,140 min,War for the Planet of the Apes,movie,http://www.warfortheplanet.com/,"Mark Bomback, Matt Reeves, Rick Jaffa (based on characters created by), Amanda Silver (based on characters created by)",2017,tt3450958,7.5,"164,577"
22,"Jacob Tremblay, Owen Wilson, Izabela Vidovic, Julia Roberts",Nominated for 1 Oscar. Another 2 wins & 21 nominations.,"$132,090,170","USA, Hong Kong",13 Feb 2018,Stephen Chbosky,"Drama, Family",English,66,"Based on the New York Times bestseller, WONDER tells the incredibly inspiring and heartwarming story of August Pullman, a boy with facial differences who enters 5th grade, attending a mainstream elementary school for the first time.",https://ia.media-imdb.com/images/M/MV5BYjFhOWY0OTgtNDkzMC00YWJkLTk1NGEtYWUxNjhmMmQ5ZjYyXkEyXkFqcGdeQXVyMjMxOTE0ODA@._V1_SX300.jpg,Lionsgate,PG,"[{'Source': 'Internet Movie Database', 'Value': '8.0/10'}, {'Source': 'Rotten Tomatoes', 'Value': '85%'}, {'Source': 'Metacritic', 'Value': '66/100'}]",17 Nov 2017,True,113 min,Wonder,movie,http://www.wonder.movie,"Stephen Chbosky (screenplay by), Steve Conrad (screenplay by), Jack Thorne (screenplay by), R.J. Palacio (based on the novel by)",2017,tt2543472,8.0,"72,171"
23,"Mark Wahlberg, Anthony Hopkins, Josh Duhamel, Laura Haddock",16 nominations.,"$130,104,634","USA, China, Canada",26 Sep 2017,Michael Bay,"Action, Adventure, Sci-Fi",English,27,"Autobots and Decepticons are at war, with humans on the sidelines. Optimus Prime is gone. The key to saving our future lies buried in the secrets of the past, in the hidden history of Transformers on Earth.",https://ia.media-imdb.com/images/M/MV5BMTk3OTI3MDk4N15BMl5BanBnXkFtZTgwNDg2ODIyMjI@._V1_SX300.jpg,Paramount Pictures,PG-13,"[{'Source': 'Internet Movie Database', 'Value': '5.2/10'}, {'Source': 'Rotten Tomatoes', 'Value': '16%'}, {'Source': 'Metacritic', 'Value': '27/100'}]",21 Jun 2017,True,154 min,Transformers: The Last Knight,movie,https://www.facebook.com/transformersmovie/,"Art Marcum (screenplay by), Matt Holloway (screenplay by), Ken Nolan (screenplay by), Akiva Goldsman (story by), Art Marcum (story by), Matt Holloway (story by), Ken Nolan (story by)",2017,tt3371366,5.2,"95,335"
24,"Regina Hall, Queen Latifah, Jada Pinkett Smith, Tiffany Haddish",10 wins & 32 nominations.,"$115,088,305","USA, Canada",17 Oct 2017,Malcolm D. Lee,Comedy,English,71,"When four lifelong friends travel to New Orleans for the annual Essence Festival, sisterhoods are rekindled, wild sides are rediscovered, and there's enough dancing, drinking, brawling, and romancing to make the Big Easy blush.",https://ia.media-imdb.com/images/M/MV5BMjMwNTEzODUwMV5BMl5BanBnXkFtZTgwNjE5NjA5MjI@._V1_SX300.jpg,Universal Pictures,R,"[{'Source': 'Internet Movie Database', 'Value': '6.3/10'}, {'Source': 'Rotten Tomatoes', 'Value': '90%'}, {'Source': 'Metacritic', 'Value': '71/100'}]",21 Jul 2017,True,122 min,Girls Trip,movie,http://www.girlstripmovie.com/,"Erica Rivinoja (story by), Kenya Barris (story by), Tracy Oliver (story by), Kenya Barris (screenplay by), Tracy Oliver (screenplay by)",2017,tt3564472,6.3,"22,201"
25,"Dakota Johnson, Jamie Dornan, Eric Johnson, Eloise Mumford",3 wins & 12 nominations.,"$114,376,885","USA, China",09 May 2017,James Foley,"Drama, Romance",English,33,"While Christian wrestles with his inner demons, Anastasia must confront the anger and envy of the women who came before her.",https://ia.media-imdb.com/images/M/MV5BMTQ5NTk0Njg2N15BMl5BanBnXkFtZTgwNzk5Nzk3MDI@._V1_SX300.jpg,Universal Pictures,R,"[{'Source': 'Internet Movie Database', 'Value': '4.6/10'}, {'Source': 'Rotten Tomatoes', 'Value': '10%'}, {'Source': 'Metacritic', 'Value': '33/100'}]",10 Feb 2017,True,118 min,Fifty Shades Darker,movie,http://www.cinquentatonsfilmes.com.br/,"Niall Leonard (screenplay by), E.L. James (based on the novel by)",2017,tt4465564,4.6,"69,563"
26,"Ansel Elgort, Jon Bernthal, Jon Hamm, Eiza González",Nominated for 3 Oscars. Another 31 wins & 44 nominations.,"$107,770,367","UK, USA",10 Oct 2017,Edgar Wright,"Action, Crime, Music","English, American Sign Language",86,"After being coerced into working for a crime boss, a young getaway driver finds himself taking part in a heist doomed to fail.",https://ia.media-imdb.com/images/M/MV5BMjM3MjQ1MzkxNl5BMl5BanBnXkFtZTgwODk1ODgyMjI@._V1_SX300.jpg,Sony Pictures,R,"[{'Source': 'Internet Movie Database', 'Value': '7.7/10'}, {'Source': 'Rotten Tomatoes', 'Value': '93%'}, {'Source': 'Metacritic', 'Value': '86/100'}]",28 Jun 2017,True,112 min,Baby Driver,movie,http://www.babydriver-movie.com/,Edgar Wright,2017,tt3890160,7.7,"288,600"
27,"Anna Kendrick, Rebel Wilson, Brittany Snow, Anna Camp",2 wins & 3 nominations.,"$104,880,310",USA,20 Mar 2018,Trish Sie,"Comedy, Music",English,40,"Following their win at the world championship, the now separated Bellas reunite for one last singing competition at an overseas USO tour, but face a group who uses both instruments and voices.",https://ia.media-imdb.com/images/M/MV5BMTU5NDI1MjkwMF5BMl5BanBnXkFtZTgwNjIxNTY2MzI@._V1_SX300.jpg,Universal Pictures,PG-13,"[{'Source': 'Internet Movie Database', 'Value': '6.0/10'}, {'Source': 'Rotten Tomatoes', 'Value': '31%'}, {'Source': 'Metacritic', 'Value': '40/100'}]",22 Dec 2017,True,93 min,Pitch Perfect 3,movie,N/A,"Kay Cannon (screenplay by), Mike White (screenplay by), Kay Cannon (story by), Mickey Rapkin (based on the book by)",2017,tt4765284,6.0,"23,107"
28,"Will Ferrell, Mark Wahlberg, Mel Gibson, John Lithgow",1 win & 3 nominations.,"$102,934,995",USA,20 Feb 2018,Sean Anders,Comedy,English,30,"Having finally gotten used to each other's existence, Brad and Dusty must now deal with their intrusive fathers during the holidays.",https://ia.media-imdb.com/images/M/MV5BNDA4Nzc1OTg2OV5BMl5BanBnXkFtZTgwODE3ODgwNDI@._V1_SX300.jpg,Paramount Pictures,PG-13,"[{'Source': 'Internet Movie Database', 'Value': '6.0/10'}, {'Source': 'Rotten Tomatoes', 'Value': '19%'}, {'Source': 'Metacritic', 'Value': '30/100'}]",10 Nov 2017,True,100 min,Daddy's Home 2,movie,http://www.daddyshomemovie.com/,"Sean Anders, John Morris, Brian Burns (characters)",2017,tt5657846,6.0,"31,110"
29,"Paapa Essiedu, Yassine Zeroual, Asan N'Jie, Michael Rouse",18 nominations.,"$101,555,644","Malta, USA",27 Feb 2018,Kenneth Branagh,"Crime, Drama, Mystery","English, French, German, Arabic",52,"When a murder occurs on the train he's travelling on, celebrated detective Hercule Poirot is recruited to solve the case.",https://ia.media-imdb.com/images/M/MV5BMTAxNDkxODIyMDZeQTJeQWpwZ15BbWU4MDQ2Mjg4NDIy._V1_SX300.jpg,20th Century Fox,PG-13,"[{'Source': 'Internet Movie Database', 'Value': '6.6/10'}, {'Source': 'Rotten Tomatoes', 'Value': '57%'}, {'Source': 'Metacritic', 'Value': '52/100'}]",10 Nov 2017,True,114 min,Murder on the Orient Express,movie,http://CluesAreEverywhere.com,"Michael Green (screenplay by), Agatha Christie (based upon the novel by)",2017,tt3402236,6.6,"132,758"
30,"Anthony LaPaglia, Samara Lee, Miranda Otto, Brad Greenquist",3 nominations.,"$101,788,793",USA,24 Oct 2017,David F. Sandberg,"Horror, Mystery, Thriller","English, Spanish",62,"12 years after the tragic death of their little girl, a dollmaker and his wife welcome a nun and several girls from a shuttered orphanage into their home, where they soon become the target of the dollmaker's possessed creation, Annabelle.",https://images-na.ssl-images-amazon.com/images/M/MV5BMjA1MzIwMjMxNF5BMl5BanBnXkFtZTgwMDQ3NTc2MjI@._V1_SX300.jpg,New Line Cinema,R,"[{'Source': 'Internet Movie Database', 'Value': '6.6/10'}, {'Source': 'Rotten Tomatoes', 'Value': '70%'}, {'Source': 'Metacritic', 'Value': '62/100'}]",11 Aug 2017,True,109 min,Annabelle: Creation,movie,http://www.annabellemovie.com,"Gary Dauberman, Gary Dauberman (based on characters created by)",2017,tt5140878,6.6,"65,569"
31,"Taron Egerton, Edward Holcroft, Gordon Alexander, Mark Strong",1 win & 4 nominations.,"$99,733,121","UK, USA",12 Dec 2017,Matthew Vaughn,"Action, Adventure, Comedy","English, Italian, Swedish",44,"When their headquarters are destroyed and the world is held hostage, the Kingsman's journey leads them to the discovery of an allied spy organization in the US. These two elite secret organizations must band together to defeat a common enemy.",https://ia.media-imdb.com/images/M/MV5BMjQ3OTgzMzY4NF5BMl5BanBnXkFtZTgwOTc4OTQyMzI@._V1_SX300.jpg,20th Century Fox,R,"[{'Source': 'Internet Movie Database', 'Value': '6.8/10'}, {'Source': 'Rotten Tomatoes', 'Value': '52%'}, {'Source': 'Metacritic', 'Value': '44/100'}]",22 Sep 2017,True,141 min,Kingsman: The Golden Circle,movie,http://www.foxmovies.com/movies/kingsman-the-golden-circle,"Jane Goldman, Matthew Vaughn, Mark Millar (based on the comic book ""The Secret Service""), Dave Gibbons (based on the comic book ""The Secret Service"")",2017,tt4649466,6.8,"176,915"
32,"Ryan Gosling, Dave Bautista, Robin Wright, Mark Arnold",Won 2 Oscars. Another 81 wins & 131 nominations.,"$91,800,042","USA, UK, Hungary, Canada",16 Jan 2018,Denis Villeneuve,"Drama, Mystery, Sci-Fi","English, Finnish, Japanese, Hungarian, Russian, Somali, Spanish",81,"A young blade runner's discovery of a long-buried secret leads him to track down former blade runner Rick Deckard, who's been missing for thirty years.",https://ia.media-imdb.com/images/M/MV5BNzA1Njg4NzYxOV5BMl5BanBnXkFtZTgwODk5NjU3MzI@._V1_SX300.jpg,Warner Bros. Pictures,R,"[{'Source': 'Internet Movie Database', 'Value': '8.1/10'}, {'Source': 'Rotten Tomatoes', 'Value': '87%'}, {'Source': 'Metacritic', 'Value': '81/100'}]",06 Oct 2017,True,164 min,Blade Runner 2049,movie,http://bladerunnermovie.com,"Hampton Fancher (screenplay by), Michael Green (screenplay by), Hampton Fancher (story by), Philip K. Dick (based on characters from the novel ""Do Androids Dream of Electric Sheep?"")",2017,tt1856101,8.1,"282,478"
33,"Keanu Reeves, Riccardo Scamarcio, Ian McShane, Ruby Rose",4 wins & 4 nominations.,"$91,970,516","USA, Hong Kong",13 Jun 2017,Chad Stahelski,"Action, Crime, Thriller","English, Italian, Russian",75,"After returning to the criminal underworld to repay a debt, John Wick discovers that a large bounty has been put on his life.",https://ia.media-imdb.com/images/M/MV5BMjE2NDkxNTY2M15BMl5BanBnXkFtZTgwMDc2NzE0MTI@._V1_SX300.jpg,Summit Entertainment,R,"[{'Source': 'Internet Movie Database', 'Value': '7.5/10'}, {'Source': 'Rotten Tomatoes', 'Value': '89%'}, {'Source': 'Metacritic', 'Value': '75/100'}]",10 Feb 2017,True,122 min,John Wick: Chapter 2,movie,http://www.johnwick.movie/,"Derek Kolstad, Derek Kolstad (based on characters created by)",2017,tt4425200,7.5,"223,231"
34,"T.J. Miller, James Corden, Anna Faris, Maya Rudolph",5 wins & 3 nominations.,"$86,053,485",USA,24 Oct 2017,Tony Leondis,"Animation, Adventure, Comedy",English,12,"Gene, a multi-expressional emoji, sets out on a journey to become a normal emoji.",https://ia.media-imdb.com/images/M/MV5BMTkzMzM3OTM2Ml5BMl5BanBnXkFtZTgwMDM0NDU3MjI@._V1_SX300.jpg,Sony Pictures Animation,PG,"[{'Source': 'Internet Movie Database', 'Value': '3.1/10'}, {'Source': 'Rotten Tomatoes', 'Value': '8%'}, {'Source': 'Metacritic', 'Value': '12/100'}]",28 Jul 2017,True,86 min,The Emoji Movie,movie,http://www.theemoji-movie.com/,"Tony Leondis (screenplay by), Eric Siegel (screenplay by), Mike White (screenplay by), Tony Leondis (story by), Eric Siegel (story by), John Hoffman (additional screenplay material)",2017,tt4877122,3.1,"38,665"
35,"Dacre Montgomery, Naomi Scott, RJ Cyler, Ludi Lin",6 nominations.,"$85,275,488","USA, Hong Kong, Japan, Mexico, Canada, New Zealand",27 Jun 2017,Dean Israelite,"Action, Adventure, Sci-Fi","English, Mandarin",44,"A group of high-school students, who are infused with unique superpowers, harness their abilities in order to save the world.",https://ia.media-imdb.com/images/M/MV5BMTU1MTkxNzc5NF5BMl5BanBnXkFtZTgwOTM2Mzk3MTI@._V1_SX300.jpg,Lionsgate Films,PG-13,"[{'Source': 'Internet Movie Database', 'Value': '6.0/10'}, {'Source': 'Rotten Tomatoes', 'Value': '44%'}, {'Source': 'Metacritic', 'Value': '44/100'}]",24 Mar 2017,True,124 min,Power Rangers,movie,http://www.PowerRangers.Movie,"John Gatins (screenplay by), Matt Sazama (story by), Burk Sharpless (story by), Michele Mulroney (story by), Kieran Mulroney (story by), Haim Saban (based upon ""Power Rangers"" created by), Saburo Yatsude (television series: ""Super Sentai""), Shôtarô Ishinomori (television series: ""Super Sentai"")",2017,tt3717490,6.0,"80,152"
36,"Jack Gore, Jet Jurgensmeyer, Nile Diaz, Colin H. Murphy",Nominated for 1 Oscar. Another 2 wins & 15 nominations.,"$70,466,891",USA,13 Mar 2018,Carlos Saldanha,"Animation, Adventure, Comedy",English,58,"After Ferdinand, a bull with a big heart, is mistaken for a dangerous beast, he is captured and torn from his home. Determined to return to his family, he rallies a misfit team on the ultimate adventure.",https://ia.media-imdb.com/images/M/MV5BOTIwMDI0NjQ4OF5BMl5BanBnXkFtZTgwNjU0MzAyNDM@._V1_SX300.jpg,Blue Sky Studio/20th Century Fox,PG,"[{'Source': 'Internet Movie Database', 'Value': '6.7/10'}, {'Source': 'Rotten Tomatoes', 'Value': '71%'}, {'Source': 'Metacritic', 'Value': '58/100'}]",15 Dec 2017,True,108 min,Ferdinand,movie,N/A,"Munro Leaf (based on the book by), Robert Lawson (based on the book by), Ron Burch (screen story by), David Kidd (screen story by), Don Rhymer (screen story by), Robert L. Baird (screenplay by), Tim Federle (screenplay by), Brad Copeland (screenplay by)",2017,tt3411444,6.7,"21,438"
37,"Meryl Streep, Tom Hanks, Sarah Paulson, Bob Odenkirk",Nominated for 2 Oscars. Another 16 wins & 97 nominations.,"$80,369,969","USA, UK",17 Apr 2018,Steven Spielberg,"Biography, Drama, History",English,83,A cover-up that spanned four U.S. Presidents pushed the country's first female newspaper publisher and a hard-driving editor to join an unprecedented battle between the press and the government.,https://ia.media-imdb.com/images/M/MV5BMjQyMjEwOTIwNV5BMl5BanBnXkFtZTgwOTkzNTMxNDM@._V1_SX300.jpg,20th Century Fox,PG-13,"[{'Source': 'Internet Movie Database', 'Value': '7.2/10'}, {'Source': 'Rotten Tomatoes', 'Value': '87%'}, {'Source': 'Metacritic', 'Value': '83/100'}]",12 Jan 2018,True,116 min,The Post,movie,N/A,"Liz Hannah, Josh Singer",2017,tt6294822,7.2,"68,424"
38,"Tom Cruise, Russell Crowe, Annabelle Wallis, Sofia Boutella",3 wins & 15 nominations.,"$80,072,590","China, Japan, USA",12 Sep 2017,Alex Kurtzman,"Action, Adventure, Fantasy","English, Egyptian (Ancient)",34,"An ancient Egyptian princess is awakened from her crypt beneath the desert, bringing with her malevolence grown over millennia, and terrors that defy human comprehension.",https://ia.media-imdb.com/images/M/MV5BODg1NTIxMzEtM2NmMi00MDQ2LWE5YjYtZTgxYmNhZTQxYWIzXkEyXkFqcGdeQXVyNDYzODU1ODM@._V1_SX300.jpg,Universal Pictures,PG-13,"[{'Source': 'Internet Movie Database', 'Value': '5.5/10'}, {'Source': 'Rotten Tomatoes', 'Value': '15%'}, {'Source': 'Metacritic', 'Value': '34/100'}]",09 Jun 2017,True,110 min,The Mummy,movie,http://www.themummy.com,"David Koepp (screenplay by), Christopher McQuarrie (screenplay by), Dylan Kussman (screenplay by), Jon Spaihts (screen story by), Alex Kurtzman (screen story by), Jenny Lumet (screen story by)",2017,tt2345759,5.5,"131,079"
39,"Elodie Yung, Ryan Reynolds, Tsuwayuki Saotome, Roy Hill",N/A,"$75,020,039","Netherlands, China, Bulgaria, USA",21 Nov 2017,Patrick Hughes,"Action, Comedy, Thriller","English, Russian, French, Japanese, Italian, Dutch, Spanish",47,"The world's top bodyguard gets a new client, a hit man who must testify at the International Criminal Court. They must put their differences aside and work together to make it to the trial on time.",https://ia.media-imdb.com/images/M/MV5BMjQ5NjA2NDg1MV5BMl5BanBnXkFtZTgwMDAzNDc4MjI@._V1_SX300.jpg,Summit Entertainment,R,"[{'Source': 'Internet Movie Database', 'Value': '6.9/10'}, {'Source': 'Rotten Tomatoes', 'Value': '40%'}, {'Source': 'Metacritic', 'Value': '47/100'}]",18 Aug 2017,True,118 min,The Hitman's Bodyguard,movie,http://www.thehitmansbodyguard.movie/,Tom O'Connor,2017,tt1959563,6.9,"125,344"
40,"Michael Fassbender, Katherine Waterston, Billy Crudup, Danny McBride",1 win & 12 nominations.,"$74,255,908","USA, UK",15 Aug 2017,Ridley Scott,"Horror, Sci-Fi, Thriller",English,65,"The crew of a colony ship, bound for a remote planet, discover an uncharted paradise with a threat beyond their imagination, and must attempt a harrowing escape.",https://ia.media-imdb.com/images/M/MV5BYzVkMjRhNzctOGQxMC00OGE2LWJhN2EtNmYyODRiMDNlM2ZmXkEyXkFqcGdeQXVyMTMxODk2OTU@._V1_SX300.jpg,20th Century Fox,R,"[{'Source': 'Internet Movie Database', 'Value': '6.4/10'}, {'Source': 'Rotten Tomatoes', 'Value': '67%'}, {'Source': 'Metacritic', 'Value': '65/100'}]",19 May 2017,True,122 min,Alien: Covenant,movie,http://www.foxmovies.com/movies/alien-covenant,"Dan O'Bannon (based on characters created by), Ronald Shusett (based on characters created by), Jack Paglen (story by), Michael Green (story by), John Logan (screenplay by), Dante Harper (screenplay by)",2017,tt2316204,6.4,"197,691"
41,"Kevin Hart, Ed Helms, Nick Kroll, Thomas Middleditch",1 win & 10 nominations.,"$73,895,861","USA, Canada, France, UK, India",12 Sep 2017,David Soren,"Animation, Action, Comedy",English,69,"2 overly imaginative pranksters named George and Harold hypnotize their principal into thinking he's a ridiculously enthusiastic, incredibly dimwitted superhero named Captain Underpants.",https://ia.media-imdb.com/images/M/MV5BMjE1MzM2NzgzNV5BMl5BanBnXkFtZTgwODU3NTI0MTI@._V1_SX300.jpg,20th Century Fox,PG,"[{'Source': 'Internet Movie Database', 'Value': '6.2/10'}, {'Source': 'Rotten Tomatoes', 'Value': '86%'}, {'Source': 'Metacritic', 'Value': '69/100'}]",02 Jun 2017,True,89 min,Captain Underpants: The First Epic Movie,movie,http://www.dreamworks.com/captainunderpants/,"Nicholas Stoller (screenplay by), Dav Pilkey (based on the epic novels by), David Soren (additional screenplay material by)",2017,tt2091256,6.2,"17,373"
42,"Mila Kunis, Kristen Bell, Kathryn Hahn, Christine Baranski",1 win & 1 nomination.,"$72,080,547","USA, China",06 Feb 2018,"Jon Lucas, Scott Moore","Adventure, Comedy",English,42,"As their own mothers drop in unexpectedly, our three under-appreciated and over-burdened moms rebel against the challenges and expectations of the Super Bowl for mothers: Christmas.",https://ia.media-imdb.com/images/M/MV5BMTUwNTA4MDMxNl5BMl5BanBnXkFtZTgwMjE4NjQ0MzI@._V1_SX300.jpg,STXfilms,R,"[{'Source': 'Internet Movie Database', 'Value': '5.5/10'}, {'Source': 'Rotten Tomatoes', 'Value': '29%'}, {'Source': 'Metacritic', 'Value': '42/100'}]",01 Nov 2017,True,104 min,A Bad Moms Christmas,movie,http://badmomsxmas.com,"Jon Lucas, Scott Moore",2017,tt6359956,5.5,"21,100"
43,"Josh Gad, Dennis Quaid, Peggy Lipton, Bryce Gheisar",3 nominations.,"$64,304,940","USA, India",02 May 2017,Lasse Hallström,"Adventure, Comedy, Drama",English,43,A dog looks to discover his purpose in life over the course of several lifetimes and owners.,https://ia.media-imdb.com/images/M/MV5BNDQ4NjkxNzgzN15BMl5BanBnXkFtZTgwMjAzODQ4OTE@._V1_SX300.jpg,Amblin Entertainment,PG,"[{'Source': 'Internet Movie Database', 'Value': '6.9/10'}, {'Source': 'Rotten Tomatoes', 'Value': '33%'}, {'Source': 'Metacritic', 'Value': '43/100'}]",27 Jan 2017,True,100 min,A Dog's Purpose,movie,http://www.adogspurposemovie.com/,"W. Bruce Cameron (screenplay), Cathryn Michon (screenplay), Audrey Wells (screenplay), Maya Forbes (screenplay), Wallace Wolodarsky (screenplay), W. Bruce Cameron (based on the novel by)",2017,tt1753383,6.9,"42,229"
44,"Sally Hawkins, Michael Shannon, Richard Jenkins, Octavia Spencer",Won 4 Oscars. Another 101 wins & 293 nominations.,"$57,393,976",USA,13 Mar 2018,Guillermo del Toro,"Adventure, Drama, Fantasy","English, American Sign Language, Russian, French",87,"At a top secret research facility in the 1960s, a lonely janitor forms a unique relationship with an amphibious creature that is being held in captivity.",https://ia.media-imdb.com/images/M/MV5BNGNiNWQ5M2MtNGI0OC00MDA2LWI5NzEtMmZiYjVjMDEyOWYzXkEyXkFqcGdeQXVyMjM4NTM5NDY@._V1_SX300.jpg,Fox Searchlight Pictures,R,"[{'Source': 'Internet Movie Database', 'Value': '7.4/10'}, {'Source': 'Rotten Tomatoes', 'Value': '92%'}, {'Source': 'Metacritic', 'Value': '87/100'}]",22 Dec 2017,True,123 min,The Shape of Water,movie,https://www.facebook.com/theshapeofwater/,"Guillermo del Toro (screenplay by), Vanessa Taylor (screenplay by), Guillermo del Toro (story by)",2017,tt5580390,7.4,"207,663"
45,"Jackie Chan, Dave Franco, Fred Armisen, Kumail Nanjiani",4 nominations.,"$58,938,889","USA, Denmark",19 Dec 2017,"Charlie Bean, Paul Fisher, Bob Logan","Animation, Action, Adventure",English,55,"Shunned by everyone for being the son of an evil warlord, a teenager seeks to defeat him with the help of his fellow ninjas.",https://ia.media-imdb.com/images/M/MV5BNDI3MDljMTQtYzBiYS00NDk2LTlhYzUtYmM0NWIyMmZkMDZkXkEyXkFqcGdeQXVyNjk5NDA3OTk@._V1_SX300.jpg,Warner Bros. Pictures,PG,"[{'Source': 'Internet Movie Database', 'Value': '6.0/10'}, {'Source': 'Rotten Tomatoes', 'Value': '55%'}, {'Source': 'Metacritic', 'Value': '55/100'}]",22 Sep 2017,True,101 min,The Lego Ninjago Movie,movie,https://www.lego.com/en-us/ninjago,"Bob Logan (screenplay by), Paul Fisher (screenplay by), William Wheeler (screenplay by), Tom Wheeler (screenplay by), Jared Stern (screenplay by), John Whittington (screenplay by), Hilary Winston (story by), Bob Logan (story by), Paul Fisher (story by), William Wheeler (story by), Tom Wheeler (story by), Dan Hageman (story by), Kevin Hageman (story by)",2017,tt3014284,6.0,"12,734"
46,"Dwayne Johnson, Zac Efron, Priyanka Chopra, Alexandra Daddario",3 wins & 10 nominations.,"$58,009,442","UK, China, USA",29 Aug 2017,Seth Gordon,"Action, Comedy, Crime","English, Spanish",37,"Devoted lifeguard Mitch Buchannon butts heads with a brash new recruit, as they uncover a criminal plot that threatens the future of the bay.",https://ia.media-imdb.com/images/M/MV5BNTA4MjQ0ODQzNF5BMl5BanBnXkFtZTgwNzA5NjYzMjI@._V1_SX300.jpg,Paramount Pictures,R,"[{'Source': 'Internet Movie Database', 'Value': '5.6/10'}, {'Source': 'Rotten Tomatoes', 'Value': '18%'}, {'Source': 'Metacritic', 'Value': '37/100'}]",25 May 2017,True,116 min,Baywatch,movie,https://www.facebook.com/BaywatchMovie,"Michael Berk (based on the series ""Baywatch"" created by), Douglas Schwartz (based on the series ""Baywatch"" created by), Gregory J. Bonann (based on the series ""Baywatch"" created by), Jay Scherick (story by), David Ronn (story by), Thomas Lennon (story by), Robert Ben Garant (story by), Damian Shannon (screenplay by), Mark Swift (screenplay by)",2017,tt1469304,5.6,"99,040"
47,"Sam Worthington, Octavia Spencer, Tim McGraw, Radha Mitchell",1 nomination.,"$57,330,873",USA,30 May 2017,Stuart Hazeldine,"Drama, Fantasy",English,32,"A grieving man receives a mysterious, personal invitation to meet with God at a place called ""The Shack.""",https://ia.media-imdb.com/images/M/MV5BMjI3MDMxNzcxNl5BMl5BanBnXkFtZTgwODc4MzkwOTE@._V1_SX300.jpg,Lionsgate,PG-13,"[{'Source': 'Internet Movie Database', 'Value': '6.3/10'}, {'Source': 'Rotten Tomatoes', 'Value': '19%'}, {'Source': 'Metacritic', 'Value': '32/100'}]",03 Mar 2017,True,132 min,The Shack,movie,http://www.theshack.movie/,"John Fusco (screenplay by), Andrew Lanham (screenplay by), Destin Daniel Cretton (screenplay by), William P. Young (based on the book by), Wayne Jacobsen (in collaboration with), Brad Cummings (in collaboration with)",2017,tt2872518,6.3,"20,881"
48,"Gary Oldman, Kristin Scott Thomas, Ben Mendelsohn, Lily James",Won 2 Oscars. Another 40 wins & 63 nominations.,"$28,086,332","USA, UK",27 Feb 2018,Joe Wright,"Biography, Drama, History","English, French, German",75,"During the early days of World War II, the fate of Western Europe hangs on the newly-appointed British Prime Minister Winston Churchill, who must decide whether to negotiate with Adolf Hitler, or fight on.",https://ia.media-imdb.com/images/M/MV5BNTU4MjMwOTgyMV5BMl5BanBnXkFtZTgwODQzNjY2NDM@._V1_SX300.jpg,Focus Features,PG-13,"[{'Source': 'Internet Movie Database', 'Value': '7.4/10'}, {'Source': 'Rotten Tomatoes', 'Value': '85%'}, {'Source': 'Metacritic', 'Value': '75/100'}]",22 Dec 2017,True,125 min,Darkest Hour,movie,http://focusfeatures.com/darkesthour,Anthony McCarten,2017,tt4555426,7.4,"83,016"
49,"Jessica Rothe, Israel Broussard, Ruby Modine, Charles Aitken",1 nomination.,"$55,398,005",USA,16 Jan 2018,Christopher Landon,"Horror, Mystery, Thriller",English,57,"A college student must relive the day of her murder over and over again, in a loop that will end only when she discovers her killer's identity.",https://ia.media-imdb.com/images/M/MV5BMTk0ODMyNjk1NF5BMl5BanBnXkFtZTgwNDkxOTk4MzI@._V1_SX300.jpg,Universal Studios,PG-13,"[{'Source': 'Internet Movie Database', 'Value': '6.5/10'}, {'Source': 'Rotten Tomatoes', 'Value': '71%'}, {'Source': 'Metacritic', 'Value': '57/100'}]",13 Oct 2017,True,96 min,Happy Death Day,movie,http://www.happydeathdaymovie.com/,Scott Lobdell,2017,tt5308322,6.5,"54,340"
